{"6": {"N": 3, "mean": -463.98154703776044, "std": 33.08756588461993}, "7": {"N": 10, "mean": -573.1077758789063, "std": 40.809936701055896}, "8": {"N": 7, "mean": -624.179443359375, "std": 53.170278468926476}, "9": {"N": 9, "mean": -713.9281955295139, "std": 53.205902975873364}, "10": {"N": 7, "mean": -819.8207484654018, "std": 77.77993487480094}, "11": {"N": 6, "mean": -926.3929545084635, "std": 43.89537221165753}, "12": {"N": 7, "mean": -1033.9720110212054, "std": 49.47091119807018}, "13": {"N": 4, "mean": -1136.3291015625, "std": 53.56017466765871}, "14": {"N": 8, "mean": -1175.5623474121094, "std": 52.603912135237636}, "15": {"N": 6, "mean": -1198.86474609375, "std": 83.77032168059847}, "16": {"N": 5, "mean": -1390.29296875, "std": 66.69023388980791}, "17": {"N": 2, "mean": -1571.837646484375, "std": 12.091552734375}, "18": {"N": 2, "mean": -1498.9747314453125, "std": 10.7989501953125}, "19": {"N": 2, "mean": -1638.3552856445312, "std": 17.04486083984375}, "20": {"N": 3, "mean": -1790.1143391927083, "std": 32.09536946672257}, "21": {"N": 3, "mean": -1823.63916015625, "std": 11.111172120734775}, "22": {"N": 3, "mean": -1924.3347574869792, "std": 41.958363631620145}, "23": {"N": 2, "mean": -2061.5723876953125, "std": 57.9005126953125}, "24": {"N": 1, "mean": -1777.29150390625, "std": 0.0}, "25": {"N": 1, "mean": -2411.79296875, "std": 0.0}, "26": {"N": 2, "mean": -2291.466552734375, "std": 11.95068359375}, "28": {"N": 1, "mean": -2410.6572265625, "std": 0.0}, "30": {"N": 1, "mean": -2627.587158203125, "std": 0.0}, "35": {"N": 1, "mean": -3177.63671875, "std": 0.0}, "38": {"N": 1, "mean": -3510.5869140625, "std": 0.0}, "39": {"N": 1, "mean": -3488.652099609375, "std": 0.0}, "49": {"N": 1, "mean": -4870.56298828125, "std": 0.0}, "50": {"N": 1, "mean": -4385.10302734375, "std": 0.0}}