{"1": {"N": 3, "mean": NaN, "std": NaN}, "2": {"N": 236, "mean": 10.470894147784023, "std": 1.6075615406957577}, "3": {"N": 2196, "mean": 8.348881616184187, "std": 1.5565270136691427}, "4": {"N": 7176, "mean": 6.951350189006182, "std": 1.2453397438756413}, "5": {"N": 14584, "mean": 6.1125240941591725, "std": 0.9997701806674084}, "6": {"N": 22698, "mean": 5.541105641521686, "std": 0.8894827657636357}, "7": {"N": 28728, "mean": 5.080921605457605, "std": 0.8139834577063582}, "8": {"N": 24785, "mean": 4.8007461381915695, "std": 0.8070634740098157}, "9": {"N": 16872, "mean": 4.660381459325001, "std": 0.7962386117400636}, "10": {"N": 11882, "mean": 4.531302571918723, "std": 0.7952485932576461}, "11": {"N": 7895, "mean": 4.475352273974862, "std": 0.7890175458799301}, "12": {"N": 5249, "mean": 4.418404698303755, "std": 0.7709475485081013}, "13": {"N": 3623, "mean": 4.350394357346449, "std": 0.7468873379766361}, "14": {"N": 2472, "mean": 4.336159005520027, "std": 0.7809464648752407}, "15": {"N": 1635, "mean": 4.287651560722141, "std": 0.7337095053175496}, "16": {"N": 1142, "mean": 4.236580546808327, "std": 0.7192872278594777}, "17": {"N": 832, "mean": 4.234058300463053, "std": 0.7029148433552579}, "18": {"N": 590, "mean": 4.182112225435548, "std": 0.7052481738421718}, "19": {"N": 416, "mean": 4.099089370897183, "std": 0.676735478937475}, "20": {"N": 315, "mean": 4.126683983727107, "std": 0.6573510209024149}, "21": {"N": 228, "mean": 4.103536990650913, "std": 0.6992280899893079}, "22": {"N": 141, "mean": 4.198635503755393, "std": 0.6905184411568179}, "23": {"N": 105, "mean": 4.180413886478969, "std": 0.7266892099726722}, "24": {"N": 84, "mean": 4.10830830676215, "std": 0.5742051352257974}, "25": {"N": 61, "mean": 4.1037724838882195, "std": 0.5908324361137305}, "26": {"N": 44, "mean": 4.098996509205211, "std": 0.628181547075777}, "27": {"N": 35, "mean": 4.013827957425799, "std": 0.5087940111304763}, "28": {"N": 25, "mean": 4.056248760223388, "std": 0.41894795857905737}, "29": {"N": 18, "mean": 3.9369054238001504, "std": 0.5516820065033563}, "30": {"N": 10, "mean": 3.993381118774414, "std": 0.411420838832515}, "31": {"N": 12, "mean": 4.103919247786204, "std": 0.6348653126007631}, "32": {"N": 3, "mean": 3.783886194229126, "std": 0.21200536788432128}, "33": {"N": 4, "mean": 4.0083470940589905, "std": 0.336763290001336}, "34": {"N": 4, "mean": 4.427366733551025, "std": 0.5694880588878072}, "35": {"N": 2, "mean": 4.188506126403809, "std": 0.22994184494018555}, "36": {"N": 2, "mean": 4.499087333679199, "std": 0.06197071075439453}, "37": {"N": 5, "mean": 3.8504613399505616, "std": 0.7131321107338923}, "39": {"N": 1, "mean": 4.8048834800720215, "std": 0.0}, "41": {"N": 1, "mean": 4.0171308517456055, "std": 0.0}, "42": {"N": 1, "mean": 3.6889102458953857, "std": 0.0}, "44": {"N": 2, "mean": 3.6237350702285767, "std": 0.47086942195892334}, "45": {"N": 1, "mean": 4.531144618988037, "std": 0.0}, "46": {"N": 1, "mean": 4.536133289337158, "std": 0.0}}
